word,count
RT,53
SONA,52
the,51
to,33
sa,32
of,29
ang,19
na,18
ng,14
5th,13
and,13
sona,12
mga,12
for,11
in,10
Dutertes,10
Duterte,9
President,8
with,8
my,8
ni,7
COVID19,7
2020,7
that,7
we,6
I,6
amp;,6
this,6
pa,5
a,5
is,5
his,5
first,4
on,4
si,4
you,4
ya,4
SONA2020,4
Roa,4
may,4
ko,4
student,4
rin,4
yung,4
way,4
ka,4
Rodrigo,4
Pres,4
State,3
SONAgKAISA,3
The,3
Her,3
tha,3
Congress,3
they,3
own,3
UP,3
during,3
would,3
tag,3
araw,3
di,3
before,3
press,3
council,3
We,3
rapplerdotcom:,3
everyone,3
sila,3
him,3
from,3
kharaasona,3
UPDATE,2
la,2
governments,2
WHY,2
Leader,2
pero,2
kar,2
One,2
COVID,2
Presidents,2
through,2
May,2
same,2
have,2
also,2
said,2
request,2
matapos,2
WakaSONA2020,2
ThalaAjith,2
siya,2
pala,2
ã€ã‚¸ã‚§ã‚¸ãƒ¥ãƒ³ã€‘,2
hoga,2
cnnphilippines:,2
fans,2
pandemic,2
kanyang,2
at,2
tayong,2
give,2
time,2
response,2
page,2
test,2
against,2
te,2
as,2
shares,2
21,2
bills,2
To,2
lang,2
related,2
Human,2
about,2
ha,2
like,2
postSONA,2
Pangulo,2
react,2
protest,2
can,2
Ajithkumar,2
que,2
Bhai,2
LOOK:,2
were,2
Franklin,2
Diliman,2
gmanews:,2
step,2
tayo,2
which,2
held,2
again,2
Nanga,2
reach,2
TOWERNamba:,2
message,2
What,2
he,2
Act,2
OFWs,2
maracepeda,2
Nadine,2
clear,2
discussions,2
nakita,2
up,2
fâ€¦,2
ba,2
YOUR,2
dont,2
dapat,2
New,2
Drilon,2
Globe,2
protesta,2
5,2
ReaperSZN,2
ThalaAjithFC,2
Zubiri,2
tweet,2
kung,2
ku,2
passage,2
health,2
its,2
|,2
wont,2
afternoon,2
TAG,2
fc,2
saan,2
earlier,2
Executive,2
war,2
rights,2
naman,2
Mabuti,2
If,2
valimai,2
ako,2
Senate,2
me,2
Covers,2
be,2
please,2
Bayanihan,2
ANCALERTS:,2
katrinadomingo,2
provided,2
treatment,1
s,1
only,1
https://tco/RXplFca9Da,1
â€œHindi,1
limits,1
remainder,1
version,1
Mukha,1
briefings,1
antiSONA,1
despiâ€¦,1
watched,1
lawyer,1
heroangel17:,1
Posible,1
olmalÄ±,1
hona,1
financial,1
poduvom,1
ProIndian3,1
protesting,1
AnakbayanUST,1
benokcastillo:,1
readiness,1
walang,1
kalaban,1
beyefendiye,1
bratbIush,1
allencompassing,1
historical,1
DDS:,1
å«Œã„ãªã‚¸ãƒ£â€¦,1
sarahelago,1
semester,1
speech,1
Singhlicious,1
Okay,1
ir,1
https://tco/gNUeg7g1LG,1
RoshniDamor5,1
siyam,1
Ikumpara,1
UPSystem,1
lahat,1
At,1
^^,1
falling,1
sumali,1
PERWISYO,1
Mentioning,1
Senator,1
or,1
pe,1
SONA2â€¦,1
HAHAHA,1
Mag,1
get,1
will,1
into,1
anthro,1
Nilockdown,1
caustickanya,1
daw,1
para,1
kahapon,1
SHOOT,1
lng,1
nagpaparinig,1
after,1
krna,1
usko,1
https://tco/FjltiqiW82,1
capital,1
punishment,1
billi,1
https://tco/Q9eEr67bIz,1
reports,1
School,1
HINDI,1
una,1
sense,1
Boycott,1
HanssensAnthony:,1
Presidential,1
pushed,1
officials,1
AltABSCBN:,1
macoydubs1:,1
Stupid,1
explorerhoon,1
recuerda,1
Coversï½ã€æœ¬æ—¥å…¥è·ã—ã¾ã—ãŸğŸ™Œ,1
hurdles,1
one,1
care,1
Nagnegatibo,1
critic,1
dahil,1
2æ—¥é–“ã®ã¿ã®ãƒ—ãƒ¬ãƒŸã‚¢ãƒ ãƒ©ã‚¤ãƒ´ã‚’æ˜ åƒã¨CDã§ãŠæ¥½ã—ã¿ã„ãŸã ã‘ã‚‹è±ªè¯ç›¤,1
poda,1
keeping,1
Smart,1
Hayaan,1
ABSCBN,1
Juan,1
lega,1
was,1
beat,1
neighbors,1
https://tco/pFoUCUwxiA,1
clarity,1
while,1
ä¸‰æµ¦æ˜¥é¦¬,1
lol,1
kanya,1
duga,1
indigent,1
avungaluku,1
extended,1
panitu,1
https://tco/nieAExKbCu,1
inquirerdotnet:,1
ğŸ¥º,1
nationwide,1
Ngayong,1
nasa,1
Avanceâ€¦,1
tuloy,1
ito,1
Tapos,1
marginalized,1
isnt,1
recall,1
City,1
treelochan,1
JaDineTrash:,1
boymejo:,1
reiterate,1
record,1
le,1
VP,1
ğŸ¤·â€â™€ï¸,1
cannot,1
are,1
NA,1
women,1
https://tco/x0aw68yuY5,1
rohitme,1
WHO,1
idinaraos,1
failed,1
need,1
Patrik,1
minutes,1
Pâ€¦,1
On,1
lately,1
jo,1
hi,1
4,1
abroad,1
proâ€¦,1
Commonwealth,1
actually,1
BheelNandu,1
doing,1
kwenta,1
Office,1
art,1
3saal,1
pouring,1
AMPOTA,1
Tadah,1
theexwhogothot,1
NekoSona,1
ErbaÅŸ,1
THE,1
83000,1
Tum,1
Rep,1
SALOT,1
mariaressa:,1
india,1
Statement,1
Akala,1
attending,1
creative,1
KabataanPL,1
ajmaljami,1
degi,1
MikeDefensor:,1
leamaine2019:,1
designed,1
Project,1
THREAD:,1
https://tco/HKJzWDY1x5,1
But,1
taongbayan,1
kaisipangabitan:,1
even,1
magbasa,1
Ill,1
sagarcasm,1
policies,1
Bernal,1
ğŸ˜­ğŸ˜­,1
attempt,1
SONAtotoo,1
groups,1
laban,1
åŸæ›²ã®è‰¯ã•ã‚’ã²ããŸã¦ã‚‹ã ã‘ã§ãªãã€ã‚¸ã‚§ã‚¸ãƒ¥ãƒ³ã‚‰ã—ã•ã‚‚å…¨é–‹ã®ã‚¢ãƒ«ãƒãƒ ã§ã™â™ª,1
tâ€¦,1
lack,1
ãƒ„ã‚¢ãƒ¼æ˜ åƒã€JJUN,1
ğŸã‚¿ãƒ¯ãƒ¬ã‚³ç‰¹å…¸ã¯ã‚¢ãƒŠã‚¶ãƒ¼ã‚¸ãƒ£â€¦,1
excuses:,1
sends,1
pahina,1
specifying,1
Many,1
Spokesman,1
1969Enigma:,1
Read,1
SHOW,1
mucho,1
Minority,1
Adjustment,1
purpose,1
DipikaKakar,1
enada,1
Chinese,1
babala,1
veriveryasc,1
holding,1
displaced,1
China,1
ata,1
OCs,1
batao,1
summary,1
pooja,1
charlisctex:,1
Anyare,1
drâ€¦,1
Lemme,1
Limited,1
Yes,1
remnants,1
ItsACsLife:,1
go,1
economic,1
lingering,1
pandemya,1
inutusan,1
ğŸ˜œ,1
shujoprime:,1
po,1
here,1
quiero,1
admin,1
hours,1
itsyaboiraff:,1
Our,1
staunch,1
ghar,1
Ang,1
possession,1
è¡¨ç´™ã¯,1
Evanu,1
sure,1
log,1
iboycott,1
sabi,1
TO,1
clearly,1
angry,1
2019ï½Love,1
nyo,1
nalaiku,1
ã‚¸ã‚§ã‚¸ãƒ¥ãƒ³,1
sonağŸ˜¢ğŸ˜¢,1
July,1
usapinglacson:,1
question,1
esp,1
Hashtagnikko13:,1
funds,1
Miguel,1
ZOOM,1
110000,1
recent,1
https://tco/NQ0ZQWKJ2d,1
B,1
Dir,1
today,1
consciousness,1
gigiesguerra:,1
Atayde,1
lider,1
mainedcm,1
Difficult,1
GET,1
bagong,1
Soooo,1
SB19TrendsPH:,1
sikha,1
briefing,1
did,1
Campus,1
ngayong,1
wasâ€¦,1
thoughts,1
shet,1
tapos,1
rants,1
Neverending,1
dispose,1
tabâ€¦,1
sb19nized:,1
plan,1
passing,1
nation,1
testimonya,1
an,1
FranklinDrilon,1
Delzolll:,1
ParladeJr:,1
Of,1
Walang,1
Accomplishment,1
KaranVGrover,1
Address,1
BtpRaâ€¦,1
Hello,1
duhhhh,1
IIã€å…¥è·ã—ã¾ã—ãŸâœ¨CDã®2å½¢æ…‹ã«ã¯å…ˆç€ã”è³¼å…¥ç‰¹å…¸ã§ã€Œã‚¢ãƒŠã‚¶ãƒ¼ã‚¸ãƒ£ã‚±ãƒƒãƒˆï¼ˆHMVçµµæŸ„ï¼‰ã€ã‚’ãŠä»˜ã‘ã—ã¦ã„ã¾ã™ğŸŒ¹ãƒ—ãƒ¬ãƒŸã‚¢ãƒ ãƒ©ã‚¤ãƒ–ã‚’åéŒ²ã—ãŸæ˜ åƒä½œå“ã€ŒJJUN,1
whole,1
ã•ã‚“ãŒæœ¬èªŒã«è¦‹ã›ã¦ãã‚ŒãŸç´ é¡”ã®æ•°ã€…ã‚’ã‚°ãƒ©ãƒ“ã‚¢ã§æŒ¯ã‚Šè¿”ã‚Šã¾ã™ã€‚æ¯å¹´æ’ä¾‹ã€Œå¥½ããªã‚¸ãƒ£ãƒ‹ãƒ¼ã‚º,1
LIKE,1
tatay,1
dedo,1
Building,1
Audacity,1
trading,1
recounts,1
ğŸ˜…,1
Republikâ€¦,1
livestream,1
thala,1
olduÄŸunu,1
because,1
ã€é€±åˆŠå¥³æ€§ã€8/4/11åˆä½µå·ãŒå¥½è©•ç™ºå£²ä¸­ï¼,1
wilâ€¦,1
busy,1
Here,1
bago,1
nga,1
online,1
saying,1
napanood,1
Majority,1
supplement,1
Maliban,1
Marso,1
respond,1
Balik,1
had,1
there,1
ilaâ€¦,1
DUTERTE,1
malala,1
https://tco/Sjcnu8qtuO,1
eh,1
normal,1
Chel,1
yourselves,1
PRES:,1
mene,1
sl,1
marvsmodel,1
https://tco/YDt5a7f6KI,1
ALLOWED,1
Philippine,1
19:,1
Ali,1
ã‚«ãƒãƒ¼ã‚¢ãƒ«ãƒãƒ ã€Love,1
draw,1
Sona,1
RTPCR,1
lunga,1
EVEN,1
Vijeshbheel,1
iamkarendavila:,1
affected,1
nya,1
panawagan,1
Measures,1
Martial,1
Buti,1
protesters,1
LIVE,1
Calls,1
vishalsainivs,1
https://tco/CSiWT3lZ3O,1
met,1
pasand,1
aming,1
Law,1
niyo,1
wokes,1
biggerâ€¦,1
by,1
Harry,1
After,1
lethal,1
never,1
MalacaÃ±ang,1
â€œWalang,1
dropâ€¦,1
Yo,1
danush,1
kilosprotesta,1
rally,1
pidicha,1
NAMAN,1
niyang,1
osko,1
invested,1
Birisi,1
kapilkolotya,1
Pati,1
CIRE41:,1
Ayon,1
support,1
Joyce,1
TUPAD,1
off,1
citizens,1
however,1
across,1
A,1
temporary,1
NEB,1
ukanthu,1
jab,1
LIVEâ€¦,1
arms,1
avcimucahit:,1
napakapetty,1
nor,1
seems,1
IndianPandaa,1
quick,1
pagsabihan,1
SA,1
35,1
CDãŒã‚ã‚Œã°â€¦,1
OUR,1
liya,1
vaderakash,1
elan,1
Marcos:,1
kbhi,1
soltu,1
dormir,1
Violation,1
Heal,1
repatriated,1
din,1
podunga,1
men,1
Mere,1
senior,1
MARAWI:,1
atinâ€,1
Totally,1
ğŸ™‚,1
isasagawa,1
Listened,1
matom,1
Program,1
ğŸ˜‚ğŸ˜‚,1
style,1
naganap,1
dumalo,1
himâ€¦,1
idinulot,1
Taena,1
globe,1
ã€ã‚¸ã‚§ã‚¸ãƒ¥ãƒ³ã€‘å¤§ãƒ’ãƒƒãƒˆã—ãŸã‚«ãƒãƒ¼ã‚¢ãƒ«ãƒãƒ ã®ç¬¬2å¼¾ã€ŒLove,1
michellemmanese:,1
namba,1
ğŸ˜Š,1
No,1
wag,1
almost,1
SONACSO,1
kalaunan,1
Harley,1
pagbabago,1
wooo,1
fact,1
KAming,1
Mujy,1
coronavirus,1
Nation,1
pupunta,1
quarkhenares:,1
Kachra,1
always,1
Diokâ€¦,1
different,1
ruining,1
lead,1
Para,1
ã‚½ã‚¦ãƒ«ã§ã®ç‹¬å ã‚¤ãƒ³ã‚¿ãƒ“ãƒ¥ãƒ¼ï¼†ç¾éº—å†™çœŸã‚’ãŠè¦‹é€ƒã—ãªã,1
nakanood,1
clear:,1
Panoorin,1
watchmejayjay:,1
priority,1
yong,1
Nakalimang,1
sustansyaâ€:,1
hindi,1
https://tco/6F8GGFl7GU,1
Wag,1
Epudiye,1
nonsense,1
hy,1
ğŸ¤­âœŠ,1
these,1
Twitter,1
Usually,1
SONA;,1
sanÄ±yor,1
antes,1
SONACA,1
injection,1
Palasyo,1
oldschoolmonk,1
vibe,1
parang,1
suthunga,1
pehle,1
no,1
Chandragupt7,1
seen,1
both,1
aaya,1
https://tco/uliLmrYgV4,1
Iba,1
verivery,1
Joseph,1
Celebrities,1
hiteshm09,1
take,1
roll,1
Ronakshi,1
\ã‚¸ã‚§ã‚¸ãƒ¥ãƒ³ã®å„ªã—ãã€æ·±ã„æ­Œå£°ãŒã—ã¿ã‚ãŸã‚‹/,1
nomaskers,1
Ay,1
pushing,1
persona,1
nicegirl09,1
preenph:,1
ğŸ˜¯ğŸ˜¯,1
jao,1
name,1
thanks,1
presidency,1
DrawzSona,1
trends,1
umaga,1
nang,1
most,1
telcos,1
forces,1
activists,1
Uy,1
gvt,1
inyo,1
emergency,1
hope,1
fight,1
kachra,1
AnakbayanUST:,1
conference,1
formal,1
Bhagvateebheel,1
tells,1
Miting,1
HMVKawasaki:,1
\ã‚«ãƒãƒ¼ã‚¢ãƒ«ãƒãƒ ã‚’å¼•ã£ã•ã’ãŸãƒ„ã‚¢ãƒ¼æ˜ åƒğŸ¥/,1
effort,1
READ:,1
mandatory,1
nishacharr,1
ire,1
aryaeddardstark,1
Imee,1
mustğŸ’¯ğŸ’¯ğŸ’¯ğŸ’¯,1
worked,1
listening,1
decry,1
JosephMorong:,1
FUCKING,1
decansasoÃ±a,1
KahaanHumKahaanTum,1
BAWAL,1
Artfight,1
ikalimang,1
heinoâ€¦,1
kbrosas:,1
legal,1
Lang,1
years,1
drew,1
da,1
assistance,1
ruhani,1
In,1
Was,1
plano,1
stop,1
threat,1
pakikinig,1
Designated,1
gmanews,1
post,1
hour,1
Queen,1
ã•ã‚“â˜†,1
harassment,1
ANO,1
Sabi,1
Ive,1
Morong,1
ladywithflaws,1
SONAthe,1
Lustre,1
Chaiharvest,1
plenary,1
grade,1
players,1
dailyguardianph:,1
came,1
resources,1
https://tco/hQ14YGO6lU,1
sectors,1
recovery,1
full,1
without,1
decirte,1
BrahmaandKiMaa,1
via,1
able,1
PlaridelDLSU:,1
y,1
nothingâ€¦,1
bonito,1
Ave,1
https://tco/YveoXwq0gT,1
station,1
method,1
nainspire,1
LoyalSachinFan,1
koğŸ”¥gala,1
UMAYOS,1
stands,1
ME,1
more:,1
opportunities,1
PRRD,1
hai,1
disinfection,1
This,1
ulit,1
Nanay,1
Thank,1
oâ€¦,1
Quezon,1
sin,1
individuals,1
fastness,1
kahan,1
asks,1
pandemyang,1
JethroGamez:,1
bir,1
Manisssh,1
kiruiu,1
loob,1
over,1
WPS,1
THEY,1
Sa,1
magalala,1
ğŸ˜,1
yesterdays,1
Roque,1
stretched,1
crisis,1
out,1
â…¡ã€æœ¬æ—¥å…¥è·ã—ã¾ã—ãŸğŸ™Œ,1
ThisIsOurMindanao,1
sumailalim,1
else,1
gibi,1
falan,1
povanga,1
seeing,1
Fahmiraza1Raza,1
especially,1
attentively,1
Zerohumour,1
https://tco/bc4vfGyRpq,1
sector,1
JeevanParihar15:,1
arrests,1
SONAgkaisa2020,1
Tama,1
battles,1
rain,1
pass,1
loud,1
standing,1
if,1
And,1
Galit,1
PLDT,1
kabila,1
Absolutalbert:,1
sometime,1
maza,1
https://tco/4mH3Xw4kNc,1
https://tco/wTfCJZZE1l,1
totally,1
probably,1
Its,1
itsJayEMD:,1
Mujhe,1
kendisinin,1
kaga,1
attendance,1
patas,1
RiaAtayde,1
kayo,1
nakikita,1
gather,1
nito,1
thread,1
YAN,1
SonaNanotech,1
siyang,1
Fake,1
aadyamishraa,1
pahirapan,1
typing,1
ABSCBNNews,1
OPEN,1
humaharap,1
leaders,1
been,1
nagkaroon,1
quote,1
regard,1
High,1
Highlights,1
https://tco/TM83uYrE5e,1
paida,1
elaborate,1
script,1
https://tco/pvuEZoILCj,1
Di,1
declared,1
raw,1
roooossshhiiiii,1
batas,1
state,1
KarPika,1
Neither,1
yaru,1
workers,1
News:,1
â€¦,1
https://tco/dX9oeSFbW2,1
https://tco/aqRFuujs0I,1
27,1
Ria,1
stipend,1
PRRDs,1
market,1
all,1
down,1
specifically,1
DAPAT,1
deje,1
reimposition,1
reading,1
closely,1
lansangan,1
liye,1
Only,1
pubgkadeewana,1
DO,1
Bldg,1
true,1
ğŸ˜‚ğŸ˜‚ğŸ˜‚,1
657ye,1
Carpio,1
it,1
IPHONE,1
soon,1
so,1
public,1
Duterâ€¦,1
female,1
joke,1
kaninang,1
con,1
650000,1
PURSE,1
nila,1
kaso,1
YouTube,1
https://tco/lAiuKKFKXJ,1
mujhe,1
de,1
https://tco/7acRwA6X6Q,1
w/,1
fun,1
vice,1
https://tco/m2bdQVkqRt,1
make,1
LIST:,1
tweets,1
some,1
watch,1
Papa,1
but,1
dumpkry,1
Recover,1
QuÃ©date,1
impact,1
Persona,1
watching,1
worker,1
employment,1
kc,1
dilig,1
fighting,1
Survivor,1
serahphymn,1
year,1
ğŸ˜Œ,1
Official,1
Presidente,1
might,1
varala,1
swab,1
reaction,1
Groups,1
wage,1
erkanga,1
current,1
Made,1
kr,1
INSURED,1
PRRDmy,1
Replay,1
Tribalsona,1
CHRgovph,1
attractive,1
tamaan,1
Monday,1
FILMMAKERS,1
gumaling,1
9à¤…à¤—à¤¸à¥à¤¤à¤µà¤¿à¤¶à¥à¤µà¤†à¤¦à¤¿à¤µà¤¾à¤¸à¥€à¤¦à¤¿à¤µà¤¸,1
strong,1
ãŠã¡ã¤ãã¾ã—ï½³ï¾ï½µï½µï½µï½µï½ªï½±ï½±ï½±,1
dumping,1
invited,1
law,1
